[{"pk": 1, "model": "resource.category", "fields": {"rght": 10, "name": "App", "parent": null, "level": 0, "lft": 1, "need_count": true, "tree_id": 1, "form_class_name": "AppForm", "slug": "app"}}, {"pk": 2, "model": "resource.category", "fields": {"rght": 2, "name": "UCam Resource", "parent": null, "level": 0, "lft": 1, "need_count": false, "tree_id": 2, "form_class_name": "UCamResForm", "slug": "ucam-resource"}}, {"pk": 3, "model": "resource.category", "fields": {"rght": 4, "name": "YCamera Resource", "parent": null, "level": 0, "lft": 1, "need_count": false, "tree_id": 3, "form_class_name": "YCameraResForm", "slug": "ycamera-resource"}}, {"pk": 4, "model": "resource.category", "fields": {"rght": 2, "name": "Crazy Emoji Resource", "parent": null, "level": 0, "lft": 1, "need_count": false, "tree_id": 4, "form_class_name": "Cam001ResForm", "slug": "crazy-emoji-resource"}}, {"pk": 5, "model": "resource.category", "fields": {"rght": 2, "name": "Place holder", "parent": null, "level": 0, "lft": 1, "need_count": false, "tree_id": 5, "form_class_name": "ResourceBaseForm", "slug": "place-holder-1"}}, {"pk": 6, "model": "resource.category", "fields": {"rght": 2, "name": "Place holder", "parent": null, "level": 0, "lft": 1, "need_count": false, "tree_id": 6, "form_class_name": "ResourceBaseForm", "slug": "place-holder-2"}}, {"pk": 7, "model": "resource.category", "fields": {"rght": 2, "name": "Place holder", "parent": null, "level": 0, "lft": 1, "need_count": false, "tree_id": 7, "form_class_name": "ResourceBaseForm", "slug": "place-holder-3"}}, {"pk": 8, "model": "resource.category", "fields": {"rght": 2, "name": "Place holder", "parent": null, "level": 0, "lft": 1, "need_count": false, "tree_id": 8, "form_class_name": "ResourceBaseForm", "slug": "place-holder-4"}}, {"pk": 9, "model": "resource.category", "fields": {"rght": 2, "name": "Place holder", "parent": null, "level": 0, "lft": 1, "need_count": false, "tree_id": 9, "form_class_name": "ResourceBaseForm", "slug": "place-holder-5"}}, {"pk": 10, "model": "resource.category", "fields": {"rght": 2, "name": "Place holder", "parent": null, "level": 0, "lft": 1, "need_count": false, "tree_id": 10, "form_class_name": "ResourceBaseForm", "slug": "place-holder-6"}}, {"pk": 11, "model": "resource.category", "fields": {"rght": 3, "name": "UCam", "parent": 1, "level": 1, "lft": 2, "need_count": true, "tree_id": 1, "form_class_name": "AppForm", "slug": "ucam-app"}}, {"pk": 12, "model": "resource.category", "fields": {"rght": 5, "name": "YCamera", "parent": 1, "level": 1, "lft": 4, "need_count": true, "tree_id": 1, "form_class_name": "AppForm", "slug": "ycamera-app"}}, {"pk": 13, "model": "resource.category", "fields": {"rght": 7, "name": "Crazy Emoji", "parent": 1, "level": 1, "lft": 6, "need_count": true, "tree_id": 1, "form_class_name": "AppForm", "slug": "crazy-emoji-app"}}, {"pk": 14, "model": "resource.category", "fields": {"rght": 9, "name": "3rd Party", "parent": 1, "level": 1, "lft": 8, "need_count": true, "tree_id": 1, "form_class_name": "AppForm", "slug": "3rd-party-app"}}, {"pk": 15, "model": "resource.category", "fields": {"rght": 9, "name": "UHome", "parent": 1, "level": 1, "lft": 8, "need_count": true, "tree_id": 1, "form_class_name": "AppForm", "slug": "uhome-app"}}, {"pk": 16, "model": "resource.category", "fields": {"rght": 3, "name": "Filters", "parent": 3, "level": 1, "lft": 2, "need_count": false, "tree_id": 3, "form_class_name": "YCameraResForm", "slug": "ycamera-filters"}}, {"pk": 1, "model": "resource.resource", "fields": {"category": 12, "name": "YCamera", "upload_at": "2013-09-07T15:37:42Z", "is_active": true, "download_url": "http://www.ycamera.net/download/ycamera.apk", "version": "1.0", "slug": "Na9JtLEjNY6", "desc": "YCamera"}}, {"pk": 3, "model": "resource.resource", "fields": {"category": 12, "name": "Ycamera-chubao", "upload_at": "2013-09-09T02:53:06Z", "is_active": true, "download_url": "http://android.myapp.com/android/down.jsp?appid=10142879&pkgid=16252012&icfa=-1&lmid=1022&g_f=0&actiondetail=0&downtype=1&transactionid=1378981328122826&topicid=-1&softname=%E4%BC%8A%E6%8B%8D", "version": "1.3.37_20130829", "slug": "ZM3Ld5TjQS9", "desc": "chubao change"}}, {"pk": 5, "model": "resource.resource", "fields": {"category": 13, "name": "CazyEmoji", "upload_at": "2013-09-10T11:14:21Z", "is_active": true, "download_url": "http://shouji.360tpcdn.com/130911/122ca50a79e7460112b36deff59c4782/com.cam001.hz.amusedface_5.apk", "version": "1.0.7", "slug": "CUlGzIG6uBr", "desc": "CrazyEmoji"}}, {"pk": 1, "model": "resource.counter", "fields": {"date": "2013-09-07", "source": null, "resource": 1, "download_num": 1}}, {"pk": 2, "model": "resource.counter", "fields": {"date": "2013-09-08", "source": "nduoa", "resource": 1, "download_num": 1}}, {"pk": 3, "model": "resource.counter", "fields": {"date": "2013-09-09", "source": null, "resource": 1, "download_num": 3}}, {"pk": 4, "model": "resource.counter", "fields": {"date": "2013-09-09", "source": "chubao", "resource": 1, "download_num": 2}}, {"pk": 5, "model": "resource.counter", "fields": {"date": "2013-09-09", "source": "chubao", "resource": 3, "download_num": 7}}, {"pk": 6, "model": "resource.counter", "fields": {"date": "2013-09-10", "source": "chubao", "resource": 5, "download_num": 6}}, {"pk": 7, "model": "resource.counter", "fields": {"date": "2013-09-11", "source": null, "resource": 3, "download_num": 1}}, {"pk": 8, "model": "resource.counter", "fields": {"date": "2013-09-11", "source": "chubao", "resource": 3, "download_num": 3}}, {"pk": 9, "model": "resource.counter", "fields": {"date": "2013-09-11", "source": "chudao", "resource": 3, "download_num": 1}}, {"pk": 10, "model": "resource.counter", "fields": {"date": "2013-09-11", "source": "nduoa", "resource": 5, "download_num": 110}}, {"pk": 11, "model": "resource.counter", "fields": {"date": "2013-09-11", "source": "CrazyEmoji", "resource": 3, "download_num": 9}}, {"pk": 12, "model": "resource.counter", "fields": {"date": "2013-09-12", "source": null, "resource": 5, "download_num": 9}}, {"pk": 13, "model": "resource.counter", "fields": {"date": "2013-09-12", "source": "CrazyEmoji", "resource": 3, "download_num": 37}}, {"pk": 14, "model": "resource.counter", "fields": {"date": "2013-09-12", "source": "chubao", "resource": 3, "download_num": 4}}, {"pk": 15, "model": "resource.counter", "fields": {"date": "2013-09-13", "source": null, "resource": 5, "download_num": 3}}, {"pk": 16, "model": "resource.counter", "fields": {"date": "2013-09-13", "source": "chubao", "resource": 3, "download_num": 16}}, {"pk": 17, "model": "resource.counter", "fields": {"date": "2013-09-13", "source": "CrazyEmoji", "resource": 3, "download_num": 14}}, {"pk": 18, "model": "resource.counter", "fields": {"date": "2013-09-14", "source": "chubao", "resource": 3, "download_num": 39}}, {"pk": 19, "model": "resource.counter", "fields": {"date": "2013-09-14", "source": "CrazyEmoji", "resource": 3, "download_num": 102}}, {"pk": 20, "model": "resource.counter", "fields": {"date": "2013-09-14", "source": null, "resource": 5, "download_num": 30}}, {"pk": 21, "model": "resource.counter", "fields": {"date": "2013-09-15", "source": null, "resource": 5, "download_num": 93}}, {"pk": 22, "model": "resource.counter", "fields": {"date": "2013-09-15", "source": "CrazyEmoji", "resource": 3, "download_num": 309}}, {"pk": 23, "model": "resource.counter", "fields": {"date": "2013-09-15", "source": "chubao", "resource": 3, "download_num": 39}}, {"pk": 24, "model": "resource.counter", "fields": {"date": "2013-09-16", "source": null, "resource": 5, "download_num": 202}}, {"pk": 25, "model": "resource.counter", "fields": {"date": "2013-09-16", "source": "CrazyEmoji", "resource": 3, "download_num": 963}}, {"pk": 26, "model": "resource.counter", "fields": {"date": "2013-09-16", "source": "chubao", "resource": 3, "download_num": 55}}, {"pk": 27, "model": "resource.counter", "fields": {"date": "2013-09-17", "source": "CrazyEmoji", "resource": 3, "download_num": 793}}, {"pk": 28, "model": "resource.counter", "fields": {"date": "2013-09-17", "source": null, "resource": 5, "download_num": 325}}, {"pk": 29, "model": "resource.counter", "fields": {"date": "2013-09-17", "source": "chubao", "resource": 3, "download_num": 50}}, {"pk": 30, "model": "resource.counter", "fields": {"date": "2013-09-17", "source": "Website", "resource": 3, "download_num": 7}}, {"pk": 31, "model": "resource.counter", "fields": {"date": "2013-09-18", "source": "CrazyEmoji", "resource": 3, "download_num": 240}}, {"pk": 32, "model": "resource.counter", "fields": {"date": "2013-09-18", "source": null, "resource": 5, "download_num": 98}}, {"pk": 33, "model": "resource.counter", "fields": {"date": "2013-09-18", "source": "chubao", "resource": 3, "download_num": 18}}, {"pk": 34, "model": "resource.counter", "fields": {"date": "2013-09-18", "source": "Website", "resource": 3, "download_num": 6}}]